<?xml version="1.0" encoding="UTF-8" standalone="no"?>
<?fileVersion 4.0.0?>

<cproject storage_type_id="org.eclipse.cdt.core.XmlProjectDescriptionStorage">
	<storageModule moduleId="org.eclipse.cdt.core.settings">
		<cconfiguration id="org.eclipse.cdt.cross.arm.gnu.sourcery.windows.elf.debug.2096130860">
			<storageModule buildSystemId="org.eclipse.cdt.managedbuilder.core.configurationDataProvider" id="org.eclipse.cdt.cross.arm.gnu.sourcery.windows.elf.debug.2096130860" moduleId="org.eclipse.cdt.core.settings" name="FLASH">
				<externalSettings/>
				<extensions>
					<extension id="org.eclipse.cdt.managedbuilder.core.ManagedBuildManager" point="org.eclipse.cdt.core.ScannerInfoProvider"/>
					<extension id="com.freescale.core.ide.cdt.errorParsers.GCCErrorParser" point="org.eclipse.cdt.core.ErrorParser"/>
					<extension id="org.eclipse.cdt.core.GmakeErrorParser" point="org.eclipse.cdt.core.ErrorParser"/>
					<extension id="org.eclipse.cdt.core.CWDLocator" point="org.eclipse.cdt.core.ErrorParser"/>
					<extension id="org.eclipse.cdt.core.GASErrorParser" point="org.eclipse.cdt.core.ErrorParser"/>
					<extension id="org.eclipse.cdt.core.GLDErrorParser" point="org.eclipse.cdt.core.ErrorParser"/>
					<extension id="org.eclipse.cdt.core.GNU_ELF" point="org.eclipse.cdt.core.BinaryParser"/>
				</extensions>
			</storageModule>
			<storageModule moduleId="cdtBuildSystem" version="4.0.0">
				<configuration artifactName="0406new" buildArtefactType="org.eclipse.cdt.cross.arm.gnu.buildArtefactType.application" buildProperties="org.eclipse.cdt.build.core.buildType=org.eclipse.cdt.build.core.buildType.debug,org.eclipse.cdt.build.core.buildArtefactType=org.eclipse.cdt.cross.arm.gnu.buildArtefactType.application" description="" errorParsers="org.eclipse.cdt.core.GmakeErrorParser;org.eclipse.cdt.core.GLDErrorParser;org.eclipse.cdt.core.GASErrorParser;com.freescale.core.ide.cdt.errorParsers.GCCErrorParser;org.eclipse.cdt.core.CWDLocator;" id="org.eclipse.cdt.cross.arm.gnu.sourcery.windows.elf.debug.2096130860" isPrebuildInvalidatingBuild="false" name="FLASH" parent="org.eclipse.cdt.cross.arm.gnu.sourcery.windows.elf.debug">
					<folderInfo id="org.eclipse.cdt.cross.arm.gnu.sourcery.windows.elf.debug.2096130860." name="/" resourcePath="">
						<toolChain errorParsers="" id="org.eclipse.cdt.cross.arm.gnu.sourcery.windows.elf.toolchain.debug.1340055739" name="ARM Ltd Windows GCC (G++ Lite)" superClass="org.eclipse.cdt.cross.arm.gnu.sourcery.windows.elf.toolchain.debug">
							<option id="org.eclipse.cdt.cross.arm.gnu.sourcery.windows.option.debugging.level.1573394415" superClass="org.eclipse.cdt.cross.arm.gnu.sourcery.windows.option.debugging.level" value="org.eclipse.cdt.cross.arm.gnu.base.option.debugging.level.max" valueType="enumerated"/>
							<option id="org.eclipse.cdt.cross.arm.gnu.sourcery.windows.option.target.processor.1158690164" superClass="org.eclipse.cdt.cross.arm.gnu.sourcery.windows.option.target.processor" value="org.eclipse.cdt.cross.arm.gnu.base.option.mcpu.cortex-m0" valueType="enumerated"/>
							<option id="org.eclipse.cdt.cross.arm.gnu.sourcery.windows.toolchain.sharedoption.librarian.1546368980" superClass="org.eclipse.cdt.cross.arm.gnu.sourcery.windows.toolchain.sharedoption.librarian" value="true" valueType="boolean"/>
							<option id="org.eclipse.cdt.cross.arm.gnu.sourcery.windows.option.debugging.other.2050369908" superClass="org.eclipse.cdt.cross.arm.gnu.sourcery.windows.option.debugging.other" value="-gstrict-dwarf" valueType="string"/>
							<targetPlatform id="org.eclipse.cdt.cross.arm.gnu.sourcery.windows.elf.platform.debug.894469085" isAbstract="false" name="Windows Platform" superClass="org.eclipse.cdt.cross.arm.gnu.sourcery.windows.elf.platform.debug"/>
							<builder buildPath="${ProjDirPath}/FLASH" errorParsers="org.eclipse.cdt.core.GmakeErrorParser;org.eclipse.cdt.core.CWDLocator" id="org.eclipse.cdt.cross.arm.gnu.sourcery.windows.elf.builder.debug.659039926" name="ARM Ltd Windows GNU Make builder.FLASH" superClass="org.eclipse.cdt.cross.arm.gnu.sourcery.windows.elf.builder.debug"/>
							<tool errorParsers="com.freescale.core.ide.cdt.errorParsers.GCCErrorParser;org.eclipse.cdt.core.GASErrorParser" id="org.eclipse.cdt.cross.arm.gnu.sourcery.windows.elf.assembler.debug.1530932781" name="ARM Ltd Windows GCC Assembler" superClass="org.eclipse.cdt.cross.arm.gnu.sourcery.windows.elf.assembler.debug">
								<option id="org.eclipse.cdt.cross.arm.gnu.assembler.option.misc.enable.lstfilename.754267802" superClass="org.eclipse.cdt.cross.arm.gnu.assembler.option.misc.enable.lstfilename" value="false" valueType="boolean"/>
								<inputType id="org.eclipse.cdt.cross.arm.gnu.sourcery.windows.assembler.base.input.399681757" superClass="org.eclipse.cdt.cross.arm.gnu.sourcery.windows.assembler.base.input"/>
							</tool>
							<tool errorParsers="com.freescale.core.ide.cdt.errorParsers.GCCErrorParser" id="org.eclipse.cdt.cross.arm.gnu.sourcery.windows.elf.c.compiler.debug.1152751389" name="ARM Ltd Windows GCC C Compiler" superClass="org.eclipse.cdt.cross.arm.gnu.sourcery.windows.elf.c.compiler.debug">
								<option id="org.eclipse.cdt.cross.arm.gnu.c.compiler.option.optimization.level.1222362844" superClass="org.eclipse.cdt.cross.arm.gnu.c.compiler.option.optimization.level" value="org.eclipse.cdt.cross.arm.gnu.base.option.optimization.level.none" valueType="enumerated"/>
								<option id="org.eclipse.cdt.cross.arm.gnu.c.compiler.option.misc.enable.lstfilename.2124367144" superClass="org.eclipse.cdt.cross.arm.gnu.c.compiler.option.misc.enable.lstfilename" value="false" valueType="boolean"/>
								<option id="org.eclipse.cdt.cross.arm.gnu.c.compiler.option.include.paths.1352294286" superClass="org.eclipse.cdt.cross.arm.gnu.c.compiler.option.include.paths" valueType="includePath">
									<listOptionValue builtIn="false" value="&quot;${ProjDirPath}/Project_Headers&quot;"/>
									<listOptionValue builtIn="false" value="&quot;${ProjDirPath}/Project_Settings/Startup_Code&quot;"/>
									<listOptionValue builtIn="false" value="&quot;${MCUToolsBaseDir}/ARM_GCC_Support/ewl/EWL_C/include&quot;"/>
									<listOptionValue builtIn="false" value="&quot;${MCUToolsBaseDir}/ARM_GCC_Support/ewl/EWL_Runtime/include&quot;"/>
								</option>
								<option id="org.eclipse.cdt.cross.arm.gnu.c.compiler.option.optimization.functionsections.1702780073" superClass="org.eclipse.cdt.cross.arm.gnu.c.compiler.option.optimization.functionsections" value="true" valueType="boolean"/>
								<option id="org.eclipse.cdt.cross.arm.gnu.c.compiler.option.optimization.datasections.322865486" superClass="org.eclipse.cdt.cross.arm.gnu.c.compiler.option.optimization.datasections" value="true" valueType="boolean"/>
								<inputType id="org.eclipse.cdt.cross.arm.gnu.sourcery.windows.c.compiler.base.input.1996194220" superClass="org.eclipse.cdt.cross.arm.gnu.sourcery.windows.c.compiler.base.input"/>
								<inputType id="org.eclipse.cdt.cross.arm.gnu.c.compiler.input.asmSourcePreproc.1556563181" superClass="org.eclipse.cdt.cross.arm.gnu.c.compiler.input.asmSourcePreproc"/>
							</tool>
							<tool id="org.eclipse.cdt.cross.arm.gnu.sourcery.windows.elf.cpp.compiler.debug.59212886" name="ARM Ltd Windows GCC C++ Compiler" superClass="org.eclipse.cdt.cross.arm.gnu.sourcery.windows.elf.cpp.compiler.debug">
								<option id="org.eclipse.cdt.cross.arm.gnu.cpp.compiler.option.optimization.level.1098632064" superClass="org.eclipse.cdt.cross.arm.gnu.cpp.compiler.option.optimization.level" value="org.eclipse.cdt.cross.arm.gnu.base.option.optimization.level.none" valueType="enumerated"/>
								<option id="org.eclipse.cdt.cross.arm.gnu.cpp.compiler.option.misc.enable.lstfilename.911884052" superClass="org.eclipse.cdt.cross.arm.gnu.cpp.compiler.option.misc.enable.lstfilename" value="false" valueType="boolean"/>
							</tool>
							<tool errorParsers="org.eclipse.cdt.core.GLDErrorParser" id="org.eclipse.cdt.cross.arm.gnu.sourcery.windows.elf.c.linker.debug.1741907684" name="ARM Ltd Windows GCC C Linker" superClass="org.eclipse.cdt.cross.arm.gnu.sourcery.windows.elf.c.linker.debug">
								<option id="org.eclipse.cdt.cross.arm.gnu.c.link.option.otherflags.570781120" superClass="org.eclipse.cdt.cross.arm.gnu.c.link.option.otherflags" value="-n" valueType="string"/>
								<option id="org.eclipse.cdt.cross.arm.gnu.c.link.option.nostart.1338889029" superClass="org.eclipse.cdt.cross.arm.gnu.c.link.option.nostart" value="false" valueType="boolean"/>
								<option id="org.eclipse.cdt.cross.arm.gnu.c.link.option.gcsections.1450108586" superClass="org.eclipse.cdt.cross.arm.gnu.c.link.option.gcsections" value="true" valueType="boolean"/>
								<option id="org.eclipse.cdt.cross.arm.gnu.c.link.option.paths.1861731196" superClass="org.eclipse.cdt.cross.arm.gnu.c.link.option.paths" valueType="libPaths">
									<listOptionValue builtIn="false" value="&quot;${MCUToolsBaseDir}/ARM_GCC_Support/ewl/lib/armv6-m&quot;"/>
								</option>
								<option id="org.eclipse.cdt.cross.arm.gnu.c.link.option.scriptfile.319862801" superClass="org.eclipse.cdt.cross.arm.gnu.c.link.option.scriptfile" value="${ProjDirPath}/Project_Settings/Linker_Files/MKL25Z128_flash.ld" valueType="string"/>
								<inputType id="org.eclipse.cdt.cross.arm.gnu.c.linker.input.943258147" superClass="org.eclipse.cdt.cross.arm.gnu.c.linker.input">
									<additionalInput kind="additionalinputdependency" paths="$(USER_OBJS)"/>
									<additionalInput kind="additionalinput" paths="$(LIBS)"/>
								</inputType>
							</tool>
							<tool id="org.eclipse.cdt.cross.arm.gnu.sourcery.windows.elf.cpp.linker.debug.157875699" name="ARM Ltd Windows GCC C++ Linker" superClass="org.eclipse.cdt.cross.arm.gnu.sourcery.windows.elf.cpp.linker.debug"/>
							<tool id="org.eclipse.cdt.cross.arm.gnu.sourcery.windows.archiver.base.1484035544" name="ARM Ltd Windows GCC Archiver" superClass="org.eclipse.cdt.cross.arm.gnu.sourcery.windows.archiver.base"/>
							<tool errorParsers="com.freescale.core.ide.cdt.errorParsers.GCCErrorParser;org.eclipse.cdt.core.GASErrorParser" id="com.freescale.cdt.cross.arm.gnu.sourcery.windows.elf.disassembler.debug.1862400985" name="ARM Ltd Windows GCC Disassembler" superClass="com.freescale.cdt.cross.arm.gnu.sourcery.windows.elf.disassembler.debug"/>
							<tool errorParsers="com.freescale.core.ide.cdt.errorParsers.GCCErrorParser" id="com.freescale.cdt.cross.arm.gnu.sourcery.windows.elf.preprocessor.debug.279100271" name="ARM Ltd Windows GCC C Preprocessor" superClass="com.freescale.cdt.cross.arm.gnu.sourcery.windows.elf.preprocessor.debug">
								<option id="com.freescale.cdt.cross.arm.gnu.preprocessor.dirs.include.paths.1586110010" superClass="com.freescale.cdt.cross.arm.gnu.preprocessor.dirs.include.paths" valueType="includePath">
									<listOptionValue builtIn="false" value="&quot;${ProjDirPath}/Project_Headers&quot;"/>
									<listOptionValue builtIn="false" value="&quot;${ProjDirPath}/Project_Settings/Startup_Code&quot;"/>
									<listOptionValue builtIn="false" value="&quot;${MCUToolsBaseDir}/ARM_GCC_Support/ewl/EWL_C/include&quot;"/>
									<listOptionValue builtIn="false" value="&quot;${MCUToolsBaseDir}/ARM_GCC_Support/ewl/EWL_Runtime/include&quot;"/>
								</option>
								<inputType id="com.freescale.cdt.cross.arm.gnu.preprocessor.source.965911634" name="Preprocessor Input" superClass="com.freescale.cdt.cross.arm.gnu.preprocessor.source"/>
							</tool>
							<tool id="com.freescale.cdt.cross.arm.gnu.sourcery.windows.elf.cpp.preprocessor.debug.788810329" name="ARM Ltd Windows GCC C++ Preprocessor" superClass="com.freescale.cdt.cross.arm.gnu.sourcery.windows.elf.cpp.preprocessor.debug">
								<option id="com.freescale.cdt.cross.arm.gnu.preprocessor.dirs.include.paths.1123462673" superClass="com.freescale.cdt.cross.arm.gnu.preprocessor.dirs.include.paths" valueType="includePath">
									<listOptionValue builtIn="false" value="&quot;${ProjDirPath}/Project_Headers&quot;"/>
									<listOptionValue builtIn="false" value="&quot;${ProjDirPath}/Project_Settings/Startup_Code&quot;"/>
									<listOptionValue builtIn="false" value="&quot;${MCUToolsBaseDir}/ARM_GCC_Support/ewl/EWL_C/include&quot;"/>
									<listOptionValue builtIn="false" value="&quot;${MCUToolsBaseDir}/ARM_GCC_Support/ewl/EWL_Runtime/include&quot;"/>
								</option>
							</tool>
							<tool id="org.eclipse.cdt.cross.arm.gnu.sourcery.windows.elf.createflash.debug.905099684" name="ARM Ltd Windows GNU Create Flash Image" superClass="org.eclipse.cdt.cross.arm.gnu.sourcery.windows.elf.createflash.debug"/>
							<tool id="org.eclipse.cdt.cross.arm.gnu.sourcery.windows.elf.createlisting.debug.76044677" name="ARM Ltd Windows GNU Create Listing" superClass="org.eclipse.cdt.cross.arm.gnu.sourcery.windows.elf.createlisting.debug"/>
							<tool id="org.eclipse.cdt.cross.arm.gnu.sourcery.windows.elf.printsize.debug.583524260" name="ARM Ltd Windows GNU Print Size" superClass="org.eclipse.cdt.cross.arm.gnu.sourcery.windows.elf.printsize.debug"/>
						</toolChain>
					</folderInfo>
				</configuration>
			</storageModule>
			<storageModule moduleId="org.eclipse.cdt.core.externalSettings"/>
		</cconfiguration>
	</storageModule>
	<storageModule moduleId="org.eclipse.cdt.core.LanguageSettingsProviders"/>
	<storageModule moduleId="cdtBuildSystem" version="4.0.0">
		<project id="0406new.org.eclipse.cdt.cross.arm.gnu.sourcery.windows.elf.560969860" name="ARM Cross Target Application" projectType="org.eclipse.cdt.cross.arm.gnu.sourcery.windows.elf"/>
	</storageModule>
	<storageModule moduleId="scannerConfiguration">
		<autodiscovery enabled="true" problemReportingEnabled="true" selectedProfileId=""/>
		<scannerConfigBuildInfo instanceId="org.eclipse.cdt.cross.arm.gnu.sourcery.windows.elf.debug.2096130860;org.eclipse.cdt.cross.arm.gnu.sourcery.windows.elf.debug.2096130860.;org.eclipse.cdt.cross.arm.gnu.sourcery.windows.elf.assembler.debug.1530932781;org.eclipse.cdt.cross.arm.gnu.sourcery.windows.assembler.base.input.399681757">
			<autodiscovery enabled="true" problemReportingEnabled="true" selectedProfileId="org.eclipse.cdt.cross.arm.gnu.ARM_CS_GCCWinManagedMakePerProjectProfileC"/>
		</scannerConfigBuildInfo>
		<scannerConfigBuildInfo instanceId="org.eclipse.cdt.cross.arm.gnu.sourcery.windows.elf.debug.2096130860;org.eclipse.cdt.cross.arm.gnu.sourcery.windows.elf.debug.2096130860.;org.eclipse.cdt.cross.arm.gnu.sourcery.windows.elf.c.compiler.debug.1152751389;org.eclipse.cdt.cross.arm.gnu.sourcery.windows.c.compiler.base.input.1996194220">
			<autodiscovery enabled="true" problemReportingEnabled="true" selectedProfileId="org.eclipse.cdt.cross.arm.gnu.ARM_CS_GCCWinManagedMakePerProjectProfileC"/>
		</scannerConfigBuildInfo>
	</storageModule>
	<storageModule moduleId="refreshScope"/>
</cproject>
