<?xml version="1.0" encoding="UTF-8" standalone="no"?>
<?fileVersion 4.0.0?>

<cproject storage_type_id="org.eclipse.cdt.core.XmlProjectDescriptionStorage">
	<storageModule moduleId="org.eclipse.cdt.core.settings">
		<cconfiguration id="org.eclipse.cdt.cross.arm.gnu.sourcery.windows.elf.debug.1823810075">
			<storageModule buildSystemId="org.eclipse.cdt.managedbuilder.core.configurationDataProvider" id="org.eclipse.cdt.cross.arm.gnu.sourcery.windows.elf.debug.1823810075" moduleId="org.eclipse.cdt.core.settings" name="FLASH">
				<externalSettings/>
				<extensions>
					<extension id="org.eclipse.cdt.managedbuilder.core.ManagedBuildManager" point="org.eclipse.cdt.core.ScannerInfoProvider"/>
					<extension id="com.freescale.core.ide.cdt.errorParsers.GCCErrorParser" point="org.eclipse.cdt.core.ErrorParser"/>
					<extension id="org.eclipse.cdt.core.GmakeErrorParser" point="org.eclipse.cdt.core.ErrorParser"/>
					<extension id="org.eclipse.cdt.core.CWDLocator" point="org.eclipse.cdt.core.ErrorParser"/>
					<extension id="org.eclipse.cdt.core.GASErrorParser" point="org.eclipse.cdt.core.ErrorParser"/>
					<extension id="org.eclipse.cdt.core.GLDErrorParser" point="org.eclipse.cdt.core.ErrorParser"/>
					<extension id="org.eclipse.cdt.core.GNU_ELF" point="org.eclipse.cdt.core.BinaryParser"/>
				</extensions>
			</storageModule>
			<storageModule moduleId="cdtBuildSystem" version="4.0.0">
				<configuration artifactName="ref24_06" buildArtefactType="org.eclipse.cdt.cross.arm.gnu.buildArtefactType.application" buildProperties="org.eclipse.cdt.build.core.buildType=org.eclipse.cdt.build.core.buildType.debug,org.eclipse.cdt.build.core.buildArtefactType=org.eclipse.cdt.cross.arm.gnu.buildArtefactType.application" description="" errorParsers="org.eclipse.cdt.core.GmakeErrorParser;org.eclipse.cdt.core.GLDErrorParser;org.eclipse.cdt.core.GASErrorParser;com.freescale.core.ide.cdt.errorParsers.GCCErrorParser;org.eclipse.cdt.core.CWDLocator;" id="org.eclipse.cdt.cross.arm.gnu.sourcery.windows.elf.debug.1823810075" isPrebuildInvalidatingBuild="false" name="FLASH" parent="org.eclipse.cdt.cross.arm.gnu.sourcery.windows.elf.debug">
					<folderInfo id="org.eclipse.cdt.cross.arm.gnu.sourcery.windows.elf.debug.1823810075." name="/" resourcePath="">
						<toolChain errorParsers="" id="org.eclipse.cdt.cross.arm.gnu.sourcery.windows.elf.toolchain.debug.1862245769" name="ARM Ltd Windows GCC (G++ Lite)" superClass="org.eclipse.cdt.cross.arm.gnu.sourcery.windows.elf.toolchain.debug">
							<option id="org.eclipse.cdt.cross.arm.gnu.sourcery.windows.option.debugging.level.594947473" superClass="org.eclipse.cdt.cross.arm.gnu.sourcery.windows.option.debugging.level" value="org.eclipse.cdt.cross.arm.gnu.base.option.debugging.level.max" valueType="enumerated"/>
							<option id="org.eclipse.cdt.cross.arm.gnu.sourcery.windows.option.target.processor.271298951" superClass="org.eclipse.cdt.cross.arm.gnu.sourcery.windows.option.target.processor" value="org.eclipse.cdt.cross.arm.gnu.base.option.mcpu.cortex-m0" valueType="enumerated"/>
							<option id="org.eclipse.cdt.cross.arm.gnu.sourcery.windows.toolchain.sharedoption.librarian.1760820345" superClass="org.eclipse.cdt.cross.arm.gnu.sourcery.windows.toolchain.sharedoption.librarian" value="true" valueType="boolean"/>
							<option id="org.eclipse.cdt.cross.arm.gnu.sourcery.windows.option.debugging.other.246597759" superClass="org.eclipse.cdt.cross.arm.gnu.sourcery.windows.option.debugging.other" value="-gstrict-dwarf" valueType="string"/>
							<targetPlatform id="org.eclipse.cdt.cross.arm.gnu.sourcery.windows.elf.platform.debug.566521199" isAbstract="false" name="Windows Platform" superClass="org.eclipse.cdt.cross.arm.gnu.sourcery.windows.elf.platform.debug"/>
							<builder buildPath="${ProjDirPath}/FLASH" errorParsers="org.eclipse.cdt.core.GmakeErrorParser;org.eclipse.cdt.core.CWDLocator" id="org.eclipse.cdt.cross.arm.gnu.sourcery.windows.elf.builder.debug.199448111" name="ARM Ltd Windows GNU Make builder.FLASH" superClass="org.eclipse.cdt.cross.arm.gnu.sourcery.windows.elf.builder.debug"/>
							<tool errorParsers="com.freescale.core.ide.cdt.errorParsers.GCCErrorParser;org.eclipse.cdt.core.GASErrorParser" id="org.eclipse.cdt.cross.arm.gnu.sourcery.windows.elf.assembler.debug.1494178755" name="ARM Ltd Windows GCC Assembler" superClass="org.eclipse.cdt.cross.arm.gnu.sourcery.windows.elf.assembler.debug">
								<option id="org.eclipse.cdt.cross.arm.gnu.assembler.option.misc.enable.lstfilename.1277266248" superClass="org.eclipse.cdt.cross.arm.gnu.assembler.option.misc.enable.lstfilename" value="false" valueType="boolean"/>
								<inputType id="org.eclipse.cdt.cross.arm.gnu.sourcery.windows.assembler.base.input.62541763" superClass="org.eclipse.cdt.cross.arm.gnu.sourcery.windows.assembler.base.input"/>
							</tool>
							<tool errorParsers="com.freescale.core.ide.cdt.errorParsers.GCCErrorParser" id="org.eclipse.cdt.cross.arm.gnu.sourcery.windows.elf.c.compiler.debug.596710900" name="ARM Ltd Windows GCC C Compiler" superClass="org.eclipse.cdt.cross.arm.gnu.sourcery.windows.elf.c.compiler.debug">
								<option id="org.eclipse.cdt.cross.arm.gnu.c.compiler.option.optimization.level.56025907" superClass="org.eclipse.cdt.cross.arm.gnu.c.compiler.option.optimization.level" value="org.eclipse.cdt.cross.arm.gnu.base.option.optimization.level.none" valueType="enumerated"/>
								<option id="org.eclipse.cdt.cross.arm.gnu.c.compiler.option.misc.enable.lstfilename.1341150258" superClass="org.eclipse.cdt.cross.arm.gnu.c.compiler.option.misc.enable.lstfilename" value="false" valueType="boolean"/>
								<option id="org.eclipse.cdt.cross.arm.gnu.c.compiler.option.include.paths.1632414199" superClass="org.eclipse.cdt.cross.arm.gnu.c.compiler.option.include.paths" valueType="includePath">
									<listOptionValue builtIn="false" value="&quot;${ProjDirPath}/Project_Headers&quot;"/>
									<listOptionValue builtIn="false" value="&quot;${ProjDirPath}/Project_Settings/Startup_Code&quot;"/>
									<listOptionValue builtIn="false" value="&quot;${MCUToolsBaseDir}/ARM_GCC_Support/ewl/EWL_C/include&quot;"/>
									<listOptionValue builtIn="false" value="&quot;${MCUToolsBaseDir}/ARM_GCC_Support/ewl/EWL_Runtime/include&quot;"/>
								</option>
								<option id="org.eclipse.cdt.cross.arm.gnu.c.compiler.option.optimization.functionsections.1572514895" superClass="org.eclipse.cdt.cross.arm.gnu.c.compiler.option.optimization.functionsections" value="true" valueType="boolean"/>
								<option id="org.eclipse.cdt.cross.arm.gnu.c.compiler.option.optimization.datasections.2120191475" superClass="org.eclipse.cdt.cross.arm.gnu.c.compiler.option.optimization.datasections" value="true" valueType="boolean"/>
								<inputType id="org.eclipse.cdt.cross.arm.gnu.sourcery.windows.c.compiler.base.input.1006815842" superClass="org.eclipse.cdt.cross.arm.gnu.sourcery.windows.c.compiler.base.input"/>
								<inputType id="org.eclipse.cdt.cross.arm.gnu.c.compiler.input.asmSourcePreproc.1039187614" superClass="org.eclipse.cdt.cross.arm.gnu.c.compiler.input.asmSourcePreproc"/>
							</tool>
							<tool id="org.eclipse.cdt.cross.arm.gnu.sourcery.windows.elf.cpp.compiler.debug.54515002" name="ARM Ltd Windows GCC C++ Compiler" superClass="org.eclipse.cdt.cross.arm.gnu.sourcery.windows.elf.cpp.compiler.debug">
								<option id="org.eclipse.cdt.cross.arm.gnu.cpp.compiler.option.optimization.level.1174590777" superClass="org.eclipse.cdt.cross.arm.gnu.cpp.compiler.option.optimization.level" value="org.eclipse.cdt.cross.arm.gnu.base.option.optimization.level.none" valueType="enumerated"/>
								<option id="org.eclipse.cdt.cross.arm.gnu.cpp.compiler.option.misc.enable.lstfilename.208687481" superClass="org.eclipse.cdt.cross.arm.gnu.cpp.compiler.option.misc.enable.lstfilename" value="false" valueType="boolean"/>
							</tool>
							<tool errorParsers="org.eclipse.cdt.core.GLDErrorParser" id="org.eclipse.cdt.cross.arm.gnu.sourcery.windows.elf.c.linker.debug.849101543" name="ARM Ltd Windows GCC C Linker" superClass="org.eclipse.cdt.cross.arm.gnu.sourcery.windows.elf.c.linker.debug">
								<option id="org.eclipse.cdt.cross.arm.gnu.c.link.option.otherflags.325251771" superClass="org.eclipse.cdt.cross.arm.gnu.c.link.option.otherflags" value="-n" valueType="string"/>
								<option id="org.eclipse.cdt.cross.arm.gnu.c.link.option.nostart.968723663" superClass="org.eclipse.cdt.cross.arm.gnu.c.link.option.nostart" value="false" valueType="boolean"/>
								<option id="org.eclipse.cdt.cross.arm.gnu.c.link.option.gcsections.866166486" superClass="org.eclipse.cdt.cross.arm.gnu.c.link.option.gcsections" value="true" valueType="boolean"/>
								<option id="org.eclipse.cdt.cross.arm.gnu.c.link.option.paths.458502364" superClass="org.eclipse.cdt.cross.arm.gnu.c.link.option.paths" valueType="libPaths">
									<listOptionValue builtIn="false" value="&quot;${MCUToolsBaseDir}/ARM_GCC_Support/ewl/lib/armv6-m&quot;"/>
								</option>
								<option id="org.eclipse.cdt.cross.arm.gnu.c.link.option.scriptfile.2139218192" superClass="org.eclipse.cdt.cross.arm.gnu.c.link.option.scriptfile" value="${ProjDirPath}/Project_Settings/Linker_Files/MKL25Z128_flash.ld" valueType="string"/>
								<inputType id="org.eclipse.cdt.cross.arm.gnu.c.linker.input.896330396" superClass="org.eclipse.cdt.cross.arm.gnu.c.linker.input">
									<additionalInput kind="additionalinputdependency" paths="$(USER_OBJS)"/>
									<additionalInput kind="additionalinput" paths="$(LIBS)"/>
								</inputType>
							</tool>
							<tool id="org.eclipse.cdt.cross.arm.gnu.sourcery.windows.elf.cpp.linker.debug.1346344538" name="ARM Ltd Windows GCC C++ Linker" superClass="org.eclipse.cdt.cross.arm.gnu.sourcery.windows.elf.cpp.linker.debug"/>
							<tool id="org.eclipse.cdt.cross.arm.gnu.sourcery.windows.archiver.base.98679185" name="ARM Ltd Windows GCC Archiver" superClass="org.eclipse.cdt.cross.arm.gnu.sourcery.windows.archiver.base"/>
							<tool errorParsers="com.freescale.core.ide.cdt.errorParsers.GCCErrorParser;org.eclipse.cdt.core.GASErrorParser" id="com.freescale.cdt.cross.arm.gnu.sourcery.windows.elf.disassembler.debug.1800942139" name="ARM Ltd Windows GCC Disassembler" superClass="com.freescale.cdt.cross.arm.gnu.sourcery.windows.elf.disassembler.debug"/>
							<tool errorParsers="com.freescale.core.ide.cdt.errorParsers.GCCErrorParser" id="com.freescale.cdt.cross.arm.gnu.sourcery.windows.elf.preprocessor.debug.658432137" name="ARM Ltd Windows GCC C Preprocessor" superClass="com.freescale.cdt.cross.arm.gnu.sourcery.windows.elf.preprocessor.debug">
								<option id="com.freescale.cdt.cross.arm.gnu.preprocessor.dirs.include.paths.1209970875" superClass="com.freescale.cdt.cross.arm.gnu.preprocessor.dirs.include.paths" valueType="includePath">
									<listOptionValue builtIn="false" value="&quot;${ProjDirPath}/Project_Headers&quot;"/>
									<listOptionValue builtIn="false" value="&quot;${ProjDirPath}/Project_Settings/Startup_Code&quot;"/>
									<listOptionValue builtIn="false" value="&quot;${MCUToolsBaseDir}/ARM_GCC_Support/ewl/EWL_C/include&quot;"/>
									<listOptionValue builtIn="false" value="&quot;${MCUToolsBaseDir}/ARM_GCC_Support/ewl/EWL_Runtime/include&quot;"/>
								</option>
								<inputType id="com.freescale.cdt.cross.arm.gnu.preprocessor.source.1064170313" name="Preprocessor Input" superClass="com.freescale.cdt.cross.arm.gnu.preprocessor.source"/>
							</tool>
							<tool id="com.freescale.cdt.cross.arm.gnu.sourcery.windows.elf.cpp.preprocessor.debug.1061345585" name="ARM Ltd Windows GCC C++ Preprocessor" superClass="com.freescale.cdt.cross.arm.gnu.sourcery.windows.elf.cpp.preprocessor.debug">
								<option id="com.freescale.cdt.cross.arm.gnu.preprocessor.dirs.include.paths.330329088" superClass="com.freescale.cdt.cross.arm.gnu.preprocessor.dirs.include.paths" valueType="includePath">
									<listOptionValue builtIn="false" value="&quot;${ProjDirPath}/Project_Headers&quot;"/>
									<listOptionValue builtIn="false" value="&quot;${ProjDirPath}/Project_Settings/Startup_Code&quot;"/>
									<listOptionValue builtIn="false" value="&quot;${MCUToolsBaseDir}/ARM_GCC_Support/ewl/EWL_C/include&quot;"/>
									<listOptionValue builtIn="false" value="&quot;${MCUToolsBaseDir}/ARM_GCC_Support/ewl/EWL_Runtime/include&quot;"/>
								</option>
							</tool>
							<tool id="org.eclipse.cdt.cross.arm.gnu.sourcery.windows.elf.createflash.debug.203520298" name="ARM Ltd Windows GNU Create Flash Image" superClass="org.eclipse.cdt.cross.arm.gnu.sourcery.windows.elf.createflash.debug"/>
							<tool id="org.eclipse.cdt.cross.arm.gnu.sourcery.windows.elf.createlisting.debug.556285973" name="ARM Ltd Windows GNU Create Listing" superClass="org.eclipse.cdt.cross.arm.gnu.sourcery.windows.elf.createlisting.debug"/>
							<tool id="org.eclipse.cdt.cross.arm.gnu.sourcery.windows.elf.printsize.debug.612176516" name="ARM Ltd Windows GNU Print Size" superClass="org.eclipse.cdt.cross.arm.gnu.sourcery.windows.elf.printsize.debug"/>
						</toolChain>
					</folderInfo>
				</configuration>
			</storageModule>
			<storageModule moduleId="org.eclipse.cdt.core.externalSettings"/>
		</cconfiguration>
	</storageModule>
	<storageModule moduleId="org.eclipse.cdt.core.LanguageSettingsProviders"/>
	<storageModule moduleId="cdtBuildSystem" version="4.0.0">
		<project id="ref24_06.org.eclipse.cdt.cross.arm.gnu.sourcery.windows.elf.1210592017" name="ARM Cross Target Application" projectType="org.eclipse.cdt.cross.arm.gnu.sourcery.windows.elf"/>
	</storageModule>
	<storageModule moduleId="scannerConfiguration">
		<autodiscovery enabled="true" problemReportingEnabled="true" selectedProfileId=""/>
		<scannerConfigBuildInfo instanceId="org.eclipse.cdt.cross.arm.gnu.sourcery.windows.elf.debug.1823810075;org.eclipse.cdt.cross.arm.gnu.sourcery.windows.elf.debug.1823810075.;org.eclipse.cdt.cross.arm.gnu.sourcery.windows.elf.assembler.debug.1494178755;org.eclipse.cdt.cross.arm.gnu.sourcery.windows.assembler.base.input.62541763">
			<autodiscovery enabled="true" problemReportingEnabled="true" selectedProfileId="org.eclipse.cdt.cross.arm.gnu.ARM_CS_GCCWinManagedMakePerProjectProfileC"/>
		</scannerConfigBuildInfo>
		<scannerConfigBuildInfo instanceId="org.eclipse.cdt.cross.arm.gnu.sourcery.windows.elf.debug.1823810075;org.eclipse.cdt.cross.arm.gnu.sourcery.windows.elf.debug.1823810075.;org.eclipse.cdt.cross.arm.gnu.sourcery.windows.elf.c.compiler.debug.596710900;org.eclipse.cdt.cross.arm.gnu.sourcery.windows.c.compiler.base.input.1006815842">
			<autodiscovery enabled="true" problemReportingEnabled="true" selectedProfileId="org.eclipse.cdt.cross.arm.gnu.ARM_CS_GCCWinManagedMakePerProjectProfileC"/>
		</scannerConfigBuildInfo>
	</storageModule>
</cproject>
